{"file:///Users/eddownes/OneDrive/Documents/Coding/Projects/Non%20Stop%20Customers":{"assets/web/assets/mobirise-icons/mobirise-icons.css":"t/IrTIzfJvbDUoCV05F+7Q==","assets/web/assets/jquery/jquery.min.js":"V5Dq1607onOXrt+j0mO4Zw==","assets/web/assets/mobirise-icons/mobirise-icons.eot":"d1DWj4ts/6jfjnda7g4Q2A==","assets/web/assets/mobirise-icons/mobirise-icons.svg":"Yp5pSlGdnLgPdQLUa/Yv3w==","assets/web/assets/mobirise-icons/mobirise-icons.ttf":"sxxNoGToYfNN/LuoyTYkfg==","assets/web/assets/mobirise-icons/mobirise-icons.woff":"rcbBnBdGlGMmyU5U/bmzjg==","assets/images/deltapi.svg":"ZGi5p+spcMNzbyKBf+LJOA==","assets/smooth-scroll/smooth-scroll.js":"SF1dMuHgP67Ujo+zhTkNgQ==","assets/bootstrap/fonts/glyphicons-halflings-regular.woff":"DMC3nlmLHk/A/PXDiSuYlw==","assets/bootstrap/js/bootstrap.min.js":"jCNzEoZNLkxPA1RM1PmxlQ==","assets/jarallax/jarallax.js":"x18olWrvclWtPL6fhUaSFw==","assets/bootstrap/fonts/glyphicons-halflings-regular.woff2":"tbUFXG2BLA+fDVmt8VJoLg==","assets/dropdown-menu/script.js":"rWyLg8pZ/YVJbhGBK+EDAA==","assets/bootstrap/css/bootstrap.min.css":"zafQnWqI28XbNpq/sKoQ+g==","assets/bootstrap/fonts/glyphicons-halflings-regular.eot":"S/m5Dv9HjBxGRINC61FxBw==","assets/bootstrap/fonts/glyphicons-halflings-regular.svg":"iYiWiBR711ddYycWDWTnYA==","assets/bootstrap/fonts/glyphicons-halflings-regular.ttf":"IkHCsvpF3pWQGDzJLgB3Iw==","assets/dropdown-menu/style.css":"qL/CTNYiYm+zSpZnT5LIwA==","assets/witsec-mailform/witsec-mailform.js":"58A2OoB5izVsDlYHa80foA==","assets/images/hashes.json":"lh7q3jsSfvqtEeTulJCK7g==","assets/images/mbr-1920x1282.jpg":"XPX1Zl11AAXVfx6MPpFwIQ==","assets/images/logo-3-copy-347x128.png":"UfUBhtB+JXvjUQMCqoZ41Q==","assets/images/mbr-1-1920x1280.jpg":"PKGpoQn3DohMEMXQZ8nrHQ==","assets/images/non-stop-customers-ed-downes-webinar-seo-1.png-463x348.png":"pprqiaoCqPTaC+mJ2kU1Dw==","assets/images/non-stop-customers-ed-downes-webinar-inbound-marketing.png-562x323.png":"3Jc6eeqonbwB5N3dQ20JHA==","assets/images/facebook-200x263.png":"UDRr6C8634AWvQRN3FfUxQ==","assets/images/onlinerepmgt-200x263.png":"rJw7xNMRu5K4QT4hbpPVqQ==","assets/images/mobile-website-200x263.png":"MdWiyQ0UHDO5ZOGr+uhuLw==","assets/images/ppc-200x263.png":"9FYCqQMDRqMDm6I0NBs+uA==","assets/images/featured-in-logos-1400x90.png":"FOCk+8fGr4x5A8/tl0qJUA==","assets/images/email-200x263.png":"51qzP+zEm7PlgOXUM39V8w==","assets/images/non-stop-customers-ed-downes-webinar-facebook-advertising-1.png-486x304.png":"8LhprKFKivZ9uI4Sdxr/3w==","assets/images/1587742964-713x931.png":"9W//tXyWnwokcKIyC3YJDg==","assets/images/explosive-growth-webinar-478x304.png":"6J/h3t+il+AC9bvKWspDPg==","assets/images/1587742924-727x937.png":"AYKb1qBGfEEUXp2OodyLtg==","assets/images/non-stop-customers-ed-downes-webinar-3-keys-lead-gen.png-486x304.png":"teD7+SVzXcWjCBOvIJ4Stw==","assets/images/1587742292-697x924.png":"rUCFNg1qgA5sPGH6UzDH5g==","assets/images/non-stop-customers-ed-downes-webinar-ppc-1.png-486x304.png":"A6xmFufnyQLXSfolOutQUA==","assets/images/non-stop-customers-ed-downes-webinar-12-surefire-ways-reputation.png-1268x718.png":"B0vya9QmGXOF3d1fpOQCFg==","assets/mobirise/css/style.css":"aQ1rbi1+YAv24Dff5HNCBA==-VITbTf54ezV7Z7I/e4lZVw==","assets/animatecss/animate.min.css":"17Agp3Y14+4LR+WMSdcpNQ==","assets/themify/css/themify-icons.css":"IuE01Nmzqsa6R1UM0dBlZQ==","assets/themify/fonts/themify.eot":"okeQqhohwBUQ+Z7/PBts7Q==","assets/themify/fonts/themify.ttf":"RDFAw0PpwIAwkY5kQM59Rg==","assets/themify/fonts/themify.woff":"G0zzy5Io/wbs5V1RC09fCg==","assets/themify/fonts/themify.svg":"nI6W7Mf6AebrzRlkle0ttQ==","assets/images/ed-downes-thumb-1493x850.png":"u7hr2CF0shmUf6+VGfKZ0w==","assets/images/success-meta.png":"u7hr2CF0shmUf6+VGfKZ0w==","assets/images/report-email-marketing-meta.png":"u7hr2CF0shmUf6+VGfKZ0w==","assets/images/services-reputation-meta.png":"u7hr2CF0shmUf6+VGfKZ0w==","assets/images/book-say-what-meta.png":"u7hr2CF0shmUf6+VGfKZ0w==","assets/images/services-funnels-meta.png":"u7hr2CF0shmUf6+VGfKZ0w==","assets/images/services-social-meta.png":"u7hr2CF0shmUf6+VGfKZ0w==","assets/images/services-pay-per-click-meta.png":"u7hr2CF0shmUf6+VGfKZ0w==","assets/images/agency-meta.png":"u7hr2CF0shmUf6+VGfKZ0w==","assets/images/book-flounderin-meta.png":"u7hr2CF0shmUf6+VGfKZ0w==","assets/images/index-meta.png":"u7hr2CF0shmUf6+VGfKZ0w==","assets/images/book-nonstop-customers-meta.png":"u7hr2CF0shmUf6+VGfKZ0w==","assets/images/application-meta.png":"u7hr2CF0shmUf6+VGfKZ0w==","assets/images/webinar-facebook-meta.png":"u7hr2CF0shmUf6+VGfKZ0w==","assets/images/webinar-seo-meta.png":"u7hr2CF0shmUf6+VGfKZ0w==","assets/images/webinar-explosive-growth-meta.png":"u7hr2CF0shmUf6+VGfKZ0w==","assets/images/webinar-inbound-marketing-meta.png":"u7hr2CF0shmUf6+VGfKZ0w==","assets/images/webinar-3-keys-meta.png":"u7hr2CF0shmUf6+VGfKZ0w==","assets/images/report-facbook-meta.png":"u7hr2CF0shmUf6+VGfKZ0w==","assets/images/webinar-12-steps-to-more-leads-meta.png":"u7hr2CF0shmUf6+VGfKZ0w==","assets/images/webinar-reputation-meta.png":"u7hr2CF0shmUf6+VGfKZ0w==","assets/images/services-email-meta.png":"u7hr2CF0shmUf6+VGfKZ0w==","assets/images/services-text-meta.png":"u7hr2CF0shmUf6+VGfKZ0w==","assets/images/report-mobile-website-meta.png":"u7hr2CF0shmUf6+VGfKZ0w==","assets/images/report-reputation-meta.png":"u7hr2CF0shmUf6+VGfKZ0w==","assets/images/report-pay-per-click-meta.png":"u7hr2CF0shmUf6+VGfKZ0w==","assets/images/services-facebook-meta.png":"u7hr2CF0shmUf6+VGfKZ0w=="}}