{"XPX1Zl11AAXVfx6MPpFwIQ==":"mbr-1920x1282.jpg","KP5znYducH3IhIQS4Z23Ig==":"ed-downes-thumb-1871x850.png","u7hr2CF0shmUf6+VGfKZ0w==":"ed-downes-thumb-1493x850.png","UfUBhtB+JXvjUQMCqoZ41Q==":"logo-3-copy-347x128.png","F5YQP3Xz0f5iylM1KGlt6g==":"funnels-thumb-1400x747.jpg","bF42zKK0X7oX8IooZynauw==":"marketing-automation-revenue-funnel-1400x773.png","d/9VgKQXLR8wP9oydb1yTg==":"facebook-ads-thumb-700x391.jpg","aYlmwRQQM59zFojCEBhKbw==":"social-media-thumb-760x400.png","yctIdARHvsNyvcqKjddFfQ==":"retargeting-thumb-1400x718.png","OWV7ltWTLtKG9/MNiVpJ5Q==":"mbr-1920x1280.jpg","PKGpoQn3DohMEMXQZ8nrHQ==":"mbr-1-1920x1280.jpg","51qzP+zEm7PlgOXUM39V8w==":"email-200x263.png","UDRr6C8634AWvQRN3FfUxQ==":"facebook-200x263.png","ksSQpa8y6HYbHJhWOTcesQ==":"free-report-1400x656.jpg","Cq5kuA9rPo+rcOo0ZNM2Vg==":"hacer-un-ebook-online-1400x718.png","Z0acbYbZbWAk0ruXWNGawg==":"9-1400x718.jpg","Kpj7bbZ9BkvRdHlgtpLi/Q==":"socialmedia-200x263.png","9FYCqQMDRqMDm6I0NBs+uA==":"ppc-200x263.png","QxqAw+PxWLUD5Wg+2Idj6w==":"text-200x263.png","2EjcXRUgvVcKl3c7jJIL9w==":"localseo-200x263.png","rJw7xNMRu5K4QT4hbpPVqQ==":"onlinerepmgt-200x263.png","MdWiyQ0UHDO5ZOGr+uhuLw==":"mobile-website-200x263.png","W2B2CvqyCNUnm37x4K4kTg==":"edit.jpg","B0vya9QmGXOF3d1fpOQCFg==":"non-stop-customers-ed-downes-webinar-12-surefire-ways-reputation.png-1268x718.png","pprqiaoCqPTaC+mJ2kU1Dw==":"non-stop-customers-ed-downes-webinar-seo-1.png-463x348.png","8LhprKFKivZ9uI4Sdxr/3w==":"non-stop-customers-ed-downes-webinar-facebook-advertising-1.png-486x304.png","6J/h3t+il+AC9bvKWspDPg==":"explosive-growth-webinar-478x304.png","teD7+SVzXcWjCBOvIJ4Stw==":"non-stop-customers-ed-downes-webinar-3-keys-lead-gen.png-486x304.png","A6xmFufnyQLXSfolOutQUA==":"non-stop-customers-ed-downes-webinar-ppc-1.png-486x304.png","3Jc6eeqonbwB5N3dQ20JHA==":"non-stop-customers-ed-downes-webinar-inbound-marketing.png-562x323.png","MfhAZWel4z2k375In1nEsw==":"1587742057-696x986.png","rUCFNg1qgA5sPGH6UzDH5g==":"1587742292-697x924.png","AYKb1qBGfEEUXp2OodyLtg==":"1587742924-727x937.png","9W//tXyWnwokcKIyC3YJDg==":"1587742964-713x931.png","FOCk+8fGr4x5A8/tl0qJUA==":"featured-in-logos-1400x90.png","GaioavtFtzgpxg3WBxa1rg==":"img1-942x922.jpg","iHH2N+EmtoyUtKXBppOHAA==":"img2-942x922.jpg","YrWPJS32gblWMrlmtqpitA==":"step-1-300x130.jpg","z6Vw7g9wlKZyhQFWiDEuIQ==":"step-2-600x259.jpg","f+4cvBui1t/MyOkH6Uz9xA==":"step-3-600x259.jpg","n4ecBfcg7xdsLNWsa4qa2g==":"step-1-300x130.jpeg","ALeKPyc5UQjg9CFWmFkPRw==":"step-2-300x130.jpeg","4PKMoRwpetXaTfGe1f6flA==":"step-2-300x130.jpg","/VAsFr1S3M7kvPTsJh3t6A==":"step-3-300x130.jpg","M3mPJtKAxwmYdkatjrx36w==":"background.jpg"}